"","x"
"1","Zotu741"
"2","Zotu968"
"3","Zotu691"
"4","Zotu1328"
"5","Zotu1370"
"6","Zotu1609"
"7","Zotu965"
"8","Zotu3300"
"9","Zotu2226"
"10","Zotu1719"
"11","Zotu2696"
"12","Zotu3168"
"13","Zotu1339"
"14","Zotu2476"
"15","Zotu741"
"16","Zotu968"
"17","Zotu691"
"18","Zotu1328"
"19","Zotu1370"
"20","Zotu1609"
"21","Zotu965"
"22","Zotu3300"
"23","Zotu2226"
"24","Zotu1719"
"25","Zotu2696"
"26","Zotu3168"
"27","Zotu1339"
"28","Zotu2476"
"29","Zotu1334"
"30","Zotu1654"
"31","Zotu1752"
"32","Zotu910"
"33","Zotu1801"
"34","Zotu2765"
"35","Zotu3285"
"36","Zotu969"
"37","Zotu1020"
"38","Zotu2448"
"39","Zotu2769"
"40","Zotu348"
"41","Zotu530"
"42","Zotu2446"
"43","Zotu1462"
"44","Zotu2361"
"45","Zotu1349"
"46","Zotu729"
"47","Zotu1863"
"48","Zotu1096"
"49","Zotu614"
"50","Zotu3167"
"51","Zotu1404"
"52","Zotu3250"
"53","Zotu1751"
"54","Zotu1266"
"55","Zotu1008"
"56","Zotu1766"
"57","Zotu1896"
"58","Zotu592"
"59","Zotu2052"
"60","Zotu1015"
"61","Zotu2935"
"62","Zotu2821"
"63","Zotu1742"
"64","Zotu1824"
"65","Zotu1177"
